Customer_ID,Gender,Age,Married,State,Number_of_Referrals,Tenure_in_Months,Value_Deal,Phone_Service,Multiple_Lines,Internet_Service,Internet_Type,Online_Security,Online_Backup,Device_Protection_Plan,Premium_Support,Streaming_TV,Streaming_Movies,Streaming_Music,Unlimited_Data,Contract,Paperless_Billing,Payment_Method,Monthly_Charge,Total_Charges,Total_Refunds,Total_Extra_Data_Charges,Total_Long_Distance_Charges,Total_Revenue,Customer_Status,Churn_Category,Churn_Reason,Customer_Status_Predicted
12340-DEL,Female,51,Yes,Delhi,0,10,None,Yes,No,Yes,Cable,No,No,No,No,Yes,Yes,Yes,Yes,Month-to-Month,Yes,Credit Card,62.79999924,62.79999924,0.0,0,42.18999863,104.9899979,Joined,Others,Others,1
16733-ODI,Female,76,Yes,Odisha,10,1,None,Yes,No,Yes,DSL,No,No,No,No,No,No,No,Yes,Month-to-Month,Yes,Credit Card,45.84999847,45.84999847,0.0,0,40.38000107,86.23000336,Joined,Others,Others,1
17796-BIH,Female,65,No,Bihar,5,1,None,Yes,No,Yes,Cable,Yes,No,No,No,No,No,No,Yes,Month-to-Month,Yes,Bank Withdrawal,48.45000076,48.45000076,0.0,0,16.42000008,64.87000275,Joined,Others,Others,1
24990-WES,Female,36,No,West Bengal,8,24,None,Yes,No,Yes,Fiber Optic,No,No,No,No,No,No,No,Yes,Month-to-Month,Yes,Bank Withdrawal,71.65000153,135.75,0.0,0,58.06000137,193.8099976,Joined,Others,Others,1
26500-GUJ,Female,62,Yes,Gujarat,3,19,Deal 5,Yes,No,Yes,Cable,Yes,No,No,No,No,Yes,Yes,Yes,Month-to-Month,Yes,Mailed Check,62.15000153,113.0999985,0.0,0,96.77999878,209.8800049,Joined,Others,Others,1
26902-TEL,Male,52,Yes,Telangana,7,2,None,Yes,No,Yes,Fiber Optic,No,No,No,Yes,Yes,Yes,Yes,Yes,Month-to-Month,Yes,Bank Withdrawal,95.84999847,95.84999847,0.0,0,2.700000048,98.55000305,Joined,Others,Others,1
28266-JAM,Male,32,No,Jammu & Kashmir,6,1,None,No,No,Yes,DSL,No,No,No,No,No,No,No,Yes,Month-to-Month,No,Credit Card,25.35000038,25.35000038,0.0,0,0.0,25.35000038,Joined,Others,Others,1
28681-HAR,Female,33,No,Haryana,4,2,None,Yes,No,Yes,Fiber Optic,No,No,Yes,No,No,No,No,Yes,Month-to-Month,No,Bank Withdrawal,75.55000305,75.55000305,0.0,0,7.110000134,82.66000366,Joined,Others,Others,1
31129-AND,Male,68,No,Andhra Pradesh,15,15,None,Yes,No,Yes,Fiber Optic,No,No,No,No,No,No,No,No,Month-to-Month,Yes,Bank Withdrawal,70.34999847,70.34999847,0.0,10,14.42000008,94.76999664,Joined,Others,Others,1
37131-MAH,Male,52,No,Maharashtra,6,2,None,Yes,No,Yes,Fiber Optic,No,No,No,No,Yes,Yes,Yes,Yes,Month-to-Month,Yes,Bank Withdrawal,89.25,89.25,0.0,0,16.63999939,105.8899994,Joined,Others,Others,1
39332-TEL,Female,44,Yes,Telangana,6,8,None,Yes,No,Yes,Fiber Optic,No,No,No,No,Yes,No,No,No,Month-to-Month,Yes,Bank Withdrawal,80.55000305,80.55000305,0.0,60,5.929999828,146.4799957,Joined,Others,Others,1
39623-HAR,Female,85,No,Haryana,2,10,Deal 5,Yes,No,Yes,Fiber Optic,No,Yes,No,No,No,No,No,No,Month-to-Month,Yes,Bank Withdrawal,74.59999847,239.0500031,0.0,30,118.5299988,387.5799866,Joined,Others,Others,1
44700-DEL,Female,48,No,Delhi,10,19,Deal 5,Yes,Yes,Yes,Fiber Optic,No,No,No,No,Yes,No,No,No,Month-to-Month,Yes,Bank Withdrawal,84.59999847,84.59999847,0.0,0,7.340000153,91.94000244,Joined,Others,Others,1
44709-WES,Female,72,Yes,West Bengal,7,17,None,No,No,Yes,DSL,No,Yes,No,No,No,No,No,Yes,Month-to-Month,Yes,Bank Withdrawal,30.75,82.84999847,0.0,0,0.0,82.84999847,Joined,Others,Others,1
51751-KER,Female,62,No,Kerala,9,25,None,Yes,No,Yes,Fiber Optic,No,No,No,No,No,No,No,Yes,Month-to-Month,Yes,Bank Withdrawal,70.15000153,123.8000031,0.0,0,67.5,191.3000031,Joined,Others,Others,1
55043-UTT,Male,43,Yes,Uttar Pradesh,8,17,None,Yes,No,Yes,Fiber Optic,No,No,No,No,No,No,No,No,Month-to-Month,Yes,Bank Withdrawal,69.90000153,69.90000153,0.0,10,9.359999657,89.26000214,Joined,Others,Others,1
66766-UTT,Female,38,No,Uttar Pradesh,6,10,Deal 5,Yes,Yes,Yes,Fiber Optic,No,No,No,No,No,No,No,Yes,Month-to-Month,Yes,Bank Withdrawal,74.94999695,212.3999939,27.60000038,0,4.920000076,189.7200012,Joined,Others,Others,1
66868-HAR,Female,25,Yes,Haryana,13,10,None,Yes,No,Yes,Fiber Optic,No,No,No,No,No,No,No,No,Month-to-Month,Yes,Bank Withdrawal,70.25,70.25,0.0,10,10.05000019,90.30000305,Joined,Others,Others,1
68826-MAH,Male,48,No,Maharashtra,14,1,None,No,No,Yes,Cable,No,No,No,No,No,No,No,No,Month-to-Month,Yes,Bank Withdrawal,24.70000076,24.70000076,0.0,0,0.0,24.70000076,Joined,Others,Others,1
71509-HAR,Female,40,No,Haryana,3,27,None,Yes,No,Yes,DSL,No,No,No,No,Yes,No,No,Yes,Month-to-Month,Yes,Bank Withdrawal,54.65000153,54.65000153,0.0,0,36.33000183,90.98000336,Joined,Others,Others,1
73547-KAR,Female,43,Yes,Karnataka,13,16,None,Yes,Yes,Yes,Fiber Optic,No,No,No,No,Yes,No,No,Yes,Month-to-Month,Yes,Bank Withdrawal,84.05000305,134.0500031,0.0,0,44.45999908,178.5099945,Joined,Others,Others,1
77658-AND,Male,44,No,Andhra Pradesh,0,4,Deal 5,No,No,Yes,DSL,No,No,No,No,No,No,No,Yes,Month-to-Month,Yes,Bank Withdrawal,24.39999962,24.39999962,0.0,0,0.0,24.39999962,Joined,Others,Others,1
78253-GUJ,Male,63,No,Gujarat,13,30,None,Yes,No,Yes,Fiber Optic,No,Yes,No,No,No,Yes,Yes,Yes,Month-to-Month,Yes,Bank Withdrawal,85.0,85.0,0.0,0,15.19999981,100.1999969,Joined,Others,Others,1
79427-KAR,Male,67,Yes,Karnataka,12,21,Deal 5,Yes,No,Yes,Fiber Optic,No,No,No,No,No,No,No,Yes,Month-to-Month,No,Bank Withdrawal,70.09999847,141.6499939,0.0,0,69.98000336,211.6300049,Joined,Others,Others,1
79777-MAH,Male,77,Yes,Maharashtra,13,33,None,Yes,Yes,Yes,Fiber Optic,No,No,No,No,No,No,No,Yes,Month-to-Month,Yes,Mailed Check,72.59999847,154.3000031,0.0,0,30.37999916,184.6799927,Joined,Others,Others,1
82118-JAM,Female,69,Yes,Jammu & Kashmir,3,6,Deal 5,No,No,Yes,Cable,No,No,No,No,No,No,No,Yes,Month-to-Month,No,Mailed Check,24.20000076,24.20000076,0.0,0,0.0,24.20000076,Joined,Others,Others,1
84577-TEL,Female,59,Yes,Telangana,11,29,None,Yes,No,Yes,Cable,No,Yes,No,No,Yes,No,No,Yes,Month-to-Month,Yes,Bank Withdrawal,59.0,114.1500015,0.0,0,54.04000092,168.1900024,Joined,Others,Others,1
84843-MAD,Female,57,Yes,Madhya Pradesh,11,8,None,Yes,Yes,Yes,Fiber Optic,No,No,No,No,No,No,No,Yes,Month-to-Month,Yes,Bank Withdrawal,75.09999847,75.09999847,0.0,0,4.53000021,79.62999725,Joined,Others,Others,1
91320-PUD,Female,58,No,Puducherry,0,18,None,Yes,No,Yes,Fiber Optic,No,No,No,No,No,No,No,Yes,Month-to-Month,No,Bank Withdrawal,70.09999847,70.09999847,0.0,0,1.149999976,71.25,Joined,Others,Others,1
94070-JAM,Female,21,Yes,Jammu & Kashmir,8,3,None,Yes,No,Yes,Fiber Optic,No,No,No,No,Yes,Yes,Yes,Yes,Month-to-Month,Yes,Bank Withdrawal,90.09999847,90.09999847,0.0,0,24.32999992,114.4300003,Joined,Others,Others,1
96967-CHH,Female,33,No,Chhattisgarh,5,8,None,Yes,No,Yes,Fiber Optic,No,No,No,No,Yes,Yes,Yes,Yes,Month-to-Month,Yes,Bank Withdrawal,89.34999847,89.34999847,0.0,0,5.360000134,94.70999908,Joined,Others,Others,1
